model_id,dataset,rows,valid_predictions,correct_predictions,coverage,accuracy,macro_f1,nll,brier,ece_10_bin
gemma-3-4b-it-q4_k_m,banking77-12-intent,1,1,0,1.0,0.0,0.0,10.785543758926782,1.9998931253557173,0.9999672584549385
gemma-3-4b-it-q4_k_m,boolq-balanced,1,1,0,1.0,0.0,0.0,7.316357700943025,1.9973425697225737,0.9993354215984175
gemma-3-4b-it-q4_k_m,jevbench-easy,1,1,1,1.0,1.0,,9.037803647540853e-08,1.1472107600335876e-14,9.037803239131392e-08
gemma-3-4b-it-q4_k_m,massive-5-language-12-intent,1,1,1,1.0,1.0,0.08333333333333333,2.6624367953909985e-08,9.828653807222092e-16,2.6624367599481502e-08
gemma-3-4b-it-q4_k_m,mmlu-pro-domain-balanced,1,1,1,1.0,1.0,,0.0004760400189550137,3.606393574095601e-07,0.0004759267298826142
gemma-3-4b-it-q4_k_m,owned-robustness,1,1,1,1.0,1.0,,3.7246217290928885e-09,2.2671940168368255e-17,3.724621722156485e-09
gemma-3-4b-it-q4_k_m,wanli-balanced,1,1,1,1.0,1.0,0.3333333333333333,1.756243720350724e-07,4.669079468568947e-14,1.7562435661311326e-07
gemma-4-e2b-it-qat-q4_0,banking77-12-intent,1,1,0,1.0,0.0,0.0,4.615082471249037,1.9479371026717152,0.9836830218443114
gemma-4-e2b-it-qat-q4_0,boolq-balanced,1,1,0,1.0,0.0,0.0,2.1103317086330504,1.5445867631185954,0.878802242577531
gemma-4-e2b-it-qat-q4_0,jevbench-easy,1,1,1,1.0,1.0,,5.265653203481119e-05,4.101365807245648e-09,5.265514570396146e-05
gemma-4-e2b-it-qat-q4_0,massive-5-language-12-intent,1,1,1,1.0,1.0,0.08333333333333333,0.0011605103692628358,2.0000497751520832e-06,0.0011598372375215549
gemma-4-e2b-it-qat-q4_0,mmlu-pro-domain-balanced,1,1,1,1.0,1.0,,0.5612570137997662,0.22240532442557356,0.42950850273695973
gemma-4-e2b-it-qat-q4_0,owned-robustness,1,1,1,1.0,1.0,,0.007869093086032954,0.00011301946691576968,0.007838212826003277
gemma-4-e2b-it-qat-q4_0,wanli-balanced,1,1,1,1.0,1.0,0.3333333333333333,0.048623364262086695,0.003917939276691315,0.04746017731502539
llama-3.2-3b-instruct-q4_k_m,banking77-12-intent,1,1,1,1.0,1.0,0.08333333333333333,1.5007205974786508,0.7049071531809192,0.7770305689649322
llama-3.2-3b-instruct-q4_k_m,boolq-balanced,1,1,0,1.0,0.0,0.0,0.9631622401409146,0.7646293538784414,0.6183160008759443
llama-3.2-3b-instruct-q4_k_m,jevbench-easy,1,1,1,1.0,1.0,,0.0006189392615264554,5.553919985073328e-07,0.00061874775813342
llama-3.2-3b-instruct-q4_k_m,massive-5-language-12-intent,1,1,1,1.0,1.0,0.08333333333333333,0.02513622759168994,0.0007290838453647647,0.024822943042665635
llama-3.2-3b-instruct-q4_k_m,mmlu-pro-domain-balanced,1,1,0,1.0,0.0,,4.28692018803025,1.6722262247280268,0.8326695112518687
llama-3.2-3b-instruct-q4_k_m,owned-robustness,1,1,1,1.0,1.0,,0.025857358168834475,0.0009910700934242214,0.025525919537180752
llama-3.2-3b-instruct-q4_k_m,wanli-balanced,1,1,1,1.0,1.0,0.3333333333333333,0.011736959374406782,0.00023391167035461538,0.011668349951065915
minicpm5-2b-q4_k_m,banking77-12-intent,1,1,0,1.0,0.0,0.0,0.9738864246442361,0.5493981436509648,0.38570868630011845
minicpm5-2b-q4_k_m,boolq-balanced,1,1,1,1.0,1.0,0.5,0.6339394843031697,0.4408646478842736,0.4695022086658771
minicpm5-2b-q4_k_m,jevbench-easy,1,1,1,1.0,1.0,,0.0001753117942535586,5.8654685174991257e-08,0.00017529642803892909
minicpm5-2b-q4_k_m,massive-5-language-12-intent,1,1,1,1.0,1.0,0.08333333333333333,0.00024067780659568056,9.805480733837831e-08,0.00024064884601582293
minicpm5-2b-q4_k_m,mmlu-pro-domain-balanced,1,1,1,1.0,1.0,,0.020556439149778966,0.0005799519752918906,0.02034659589100052
minicpm5-2b-q4_k_m,owned-robustness,1,1,1,1.0,1.0,,0.0220680791826575,0.0009029039071443805,0.02182636047752462
minicpm5-2b-q4_k_m,wanli-balanced,1,1,1,1.0,1.0,0.3333333333333333,0.4497923328068577,0.2621506805838562,0.3622394201796907
phi-4-mini-instruct-q4_k_m,banking77-12-intent,1,1,0,1.0,0.0,0.0,9.152074561278317,1.9865656668457519,0.9933600264865463
phi-4-mini-instruct-q4_k_m,boolq-balanced,1,1,1,1.0,1.0,0.5,0.08493449598939175,0.013260890947742902,0.08142754738951341
phi-4-mini-instruct-q4_k_m,jevbench-easy,1,1,1,1.0,1.0,,0.0003871449996724358,2.025627194007782e-07,0.00038707006871707694
phi-4-mini-instruct-q4_k_m,massive-5-language-12-intent,1,1,1,1.0,1.0,0.08333333333333333,0.0005814489897176826,4.886441542418268e-07,0.000581279981012095
phi-4-mini-instruct-q4_k_m,mmlu-pro-domain-balanced,1,1,1,1.0,1.0,,0.8832252424489109,0.4664454366503491,0.5865527087645965
phi-4-mini-instruct-q4_k_m,owned-robustness,1,1,1,1.0,1.0,,0.0026740158301649703,1.071445073434582e-05,0.0026704438344020698
phi-4-mini-instruct-q4_k_m,wanli-balanced,1,1,1,1.0,1.0,0.3333333333333333,0.00020689752201682736,6.425642156999846e-08,0.0002068761202005387
qwen3.5-4b-q4_k_m,banking77-12-intent,1,1,0,1.0,0.0,0.0,6.340065624046322,1.980198788592931,0.9918237586617149
qwen3.5-4b-q4_k_m,boolq-balanced,1,1,1,1.0,1.0,0.5,0.17180110087948164,0.049835354693038174,0.1578533412586477
qwen3.5-4b-q4_k_m,jevbench-easy,1,1,1,1.0,1.0,,6.56091671170096e-05,7.657343757835447e-09,6.560701488267373e-05
qwen3.5-4b-q4_k_m,massive-5-language-12-intent,1,1,1,1.0,1.0,0.08333333333333333,0.03272248243304439,0.001636234537118613,0.032192894202553446
qwen3.5-4b-q4_k_m,mmlu-pro-domain-balanced,1,1,1,1.0,1.0,,0.03520454750326829,0.0016520147150397425,0.03459207572053724
qwen3.5-4b-q4_k_m,owned-robustness,1,1,1,1.0,1.0,,0.00032417161979776297,1.7459577561082877e-07,0.00032411908185547844
qwen3.5-4b-q4_k_m,wanli-balanced,1,1,1,1.0,1.0,0.3333333333333333,0.05696136861206371,0.004716458375208307,0.05536943894868296
